{
  "gvd": 1.4479862615466117,
  "rho_f0": 0.374303670364904,
  "wer": NaN,
  "sim_spk_restored": 98.38673517107964,
  "mcd_restored": 55.66536260896208,
  "eer": 32.80701754390398,
  "vocoder": "pseudoinverse",
  "anon_mode": "griffinlim",
  "post_filter": false
}