{
  "gvd": 1.3913198267259905,
  "rho_f0": 0.09093812782654197,
  "wer": 52.82152003685875,
  "sim_spk_restored": 88.44113657551426,
  "mcd_restored": 74.45130957812451,
  "eer": 51.277372262773724
}