{
  "gvd": 1.3913523035664712,
  "rho_f0": 0.061418428877267416,
  "wer": 57.565374967745484,
  "sim_spk_restored": 96.27194923739279,
  "mcd_restored": 55.095228776310016,
  "eer": 48.84428223847374,
  "anon_mode": "perturbed_phase",
  "post_filter": false
}