{
  "gvd": 1.391365804979878,
  "rho_f0": 0.08831766452506992,
  "wer": 77.9166765219878,
  "sim_spk_restored": 96.31666319985544,
  "mcd_restored": 55.04119725467407,
  "eer": 50.0
}