{
  "gvd": 0.1692230995123585,
  "rho_f0": 0.14241933373778118,
  "wer": NaN,
  "sim_spk_restored": 52.05705205599467,
  "mcd_restored": 635.6281758249502,
  "eer": 17.74122807004633,
  "vocoder": "pseudoinverse",
  "anon_mode": "phase_save",
  "post_filter": true
}