{
  "gvd": 1.397265616924532,
  "rho_f0": 0.09875160930342824,
  "wer": 35.82981280206201,
  "sim_spk_restored": 91.60421519510207,
  "mcd_restored": 52.40437640377537,
  "eer": 52.227272727177706,
  "vocoder": "pseudoinverse",
  "anon_mode": "perturbed_phase",
  "post_filter": false
}