{
  "eer": 25.75833797154407,
  "f0": 0.0,
  "wer": 98.44518965097201
}